CMS Certification Number (CCN),Provider Name,Provider Address,City/Town,State,ZIP Code,Telephone Number,Provider SSA County Code,County/Parish,Ownership Type,Number of Certified Beds,Average Number of Residents per Day,Average Number of Residents per Day Footnote,Provider Type,Provider Resides in Hospital,Legal Business Name,Date First Approved to Provide Medicare and Medicaid Services,Affiliated Entity Name,Affiliated Entity ID,Continuing Care Retirement Community,Special Focus Status,Abuse Icon,Most Recent Health Inspection More Than 2 Years Ago,Provider Changed Ownership in Last 12 Months,With a Resident and Family Council,Automatic Sprinkler Systems in All Required Areas,Overall Rating,Overall Rating Footnote,Health Inspection Rating,Health Inspection Rating Footnote,QM Rating,QM Rating Footnote,Long-Stay QM Rating,Long-Stay QM Rating Footnote,Short-Stay QM Rating,Short-Stay QM Rating Footnote,Staffing Rating,Staffing Rating Footnote,Reported Staffing Footnote,Physical Therapist Staffing Footnote,Reported Nurse Aide Staffing Hours per Resident per Day,Reported LPN Staffing Hours per Resident per Day,Reported RN Staffing Hours per Resident per Day,Reported Licensed Staffing Hours per Resident per Day,Reported Total Nurse Staffing Hours per Resident per Day,Total number of nurse staff hours per resident per day on the weekend,Registered Nurse hours per resident per day on the weekend,Reported Physical Therapist Staffing Hours per Resident Per Day,Total nursing staff turnover,Total nursing staff turnover footnote,Registered Nurse turnover,Registered Nurse turnover footnote,Number of administrators who have left the nursing home,Administrator turnover footnote,Nursing Case-Mix Index,Nursing Case-Mix Index Ratio,Case-Mix Nurse Aide Staffing Hours per Resident per Day,Case-Mix LPN Staffing Hours per Resident per Day,Case-Mix RN Staffing Hours per Resident per Day,Case-Mix Total Nurse Staffing Hours per Resident per Day,Case-Mix Weekend Total Nurse Staffing Hours per Resident per Day,Adjusted Nurse Aide Staffing Hours per Resident per Day,Adjusted LPN Staffing Hours per Resident per Day,Adjusted RN Staffing Hours per Resident per Day,Adjusted Total Nurse Staffing Hours per Resident per Day,Adjusted Weekend Total Nurse Staffing Hours per Resident per Day,Rating Cycle 1 Standard Survey Health Date,Rating Cycle 1 Total Number of Health Deficiencies,Rating Cycle 1 Number of Standard Health Deficiencies,Rating Cycle 1 Number of Complaint Health Deficiencies,Rating Cycle 1 Health Deficiency Score,Rating Cycle 1 Number of Health Revisits,Rating Cycle 1 Health Revisit Score,Rating Cycle 1 Total Health Score,Rating Cycle 2 Standard Health Survey Date,Rating Cycle 2 Total Number of Health Deficiencies,Rating Cycle 2 Number of Standard Health Deficiencies,Rating Cycle 2 Number of Complaint Health Deficiencies,Rating Cycle 2 Health Deficiency Score,Rating Cycle 2 Number of Health Revisits,Rating Cycle 2 Health Revisit Score,Rating Cycle 2 Total Health Score,Rating Cycle 3 Standard Health Survey Date,Rating Cycle 3 Total Number of Health Deficiencies,Rating Cycle 3 Number of Standard Health Deficiencies,Rating Cycle 3 Number of Complaint Health Deficiencies,Rating Cycle 3 Health Deficiency Score,Rating Cycle 3 Number of Health Revisits,Rating Cycle 3 Health Revisit Score,Rating Cycle 3 Total Health Score,Total Weighted Health Survey Score,Number of Facility Reported Incidents,Number of Substantiated Complaints,Number of Citations from Infection Control Inspections,Number of Fines,Total Amount of Fines in Dollars,Number of Payment Denials,Total Number of Penalties,Location,Latitude,Longitude,Geocoding Footnote,Processing Date
215014.0,AUTUMN LAKE HEALTHCARE AT ARCOLA,901 ARCOLA AVENUE,SILVER SPRING,MD,20902,3016492400,150,Montgomery,For profit - Corporation,151,140.2,,Medicare and Medicaid,N,901 ARCOLA AVENUE OPCO LLC,1967-01-01,AUTUMN LAKE HEALTHCARE,56.0,N,,Y,N,N,Resident,Yes,1.0,,1.0,,2.0,,3.0,,2.0,,3.0,,,,1.97714,0.87689,0.64849,1.52537,3.50251,3.23198,0.48022,0.04309,47.0,,39.3,,4.0,,1.31574,0.96593,2.23606,0.83879,0.64243,3.71728,3.26762,2.03541,0.90273,0.6676,3.60573,3.32723,2024-07-02,19.0,17.0,4.0,88.0,1.0,0.0,88.0,2019-08-28,20.0,20.0,0.0,209.0,2.0,105.0,314.0,2018-08-31,13.0,13.0,0.0,147.0,1.0,0.0,147.0,173.167,0,1,,0,0.0,0,0,"901 ARCOLA AVENUE,SILVER SPRING,MD,20902",39.0356,-77.026,,2025-03-01
215015.0,FAIRLAND CENTER,2101 FAIRLAND ROAD,SILVER SPRING,MD,20904,3013846161,150,Montgomery,For profit - Limited Liability company,92,83.7,,Medicare and Medicaid,N,2101 FAIRLAND ROAD OPERATIONS LLC,1967-01-01,GENESIS HEALTHCARE,237.0,N,,N,Y,N,None,Yes,2.0,,3.0,,3.0,,4.0,,2.0,,1.0,,,,1.60913,0.74031,1.09163,1.83195,3.44107,3.14512,0.83651,0.06799,48.9,,65.4,,2.0,,1.87462,1.37622,3.18585,1.19508,0.91532,5.29625,4.65558,1.16269,0.53492,0.78877,2.48637,2.27253,2021-04-27,18.0,7.0,11.0,84.0,1.0,0.0,84.0,2019-08-16,10.0,10.0,0.0,40.0,1.0,0.0,40.0,2018-06-25,18.0,18.0,0.0,124.0,2.0,62.0,186.0,86.333,1,2,,0,0.0,0,0,"2101 FAIRLAND ROAD,SILVER SPRING,MD,20904",39.0771,-76.968,,2025-03-01
215025.0,COMPLETE CARE AT WHEATON,4011 RANDOLPH ROAD,WHEATON,MD,20902,3019332500,150,Montgomery,For profit - Limited Liability company,116,109.1,,Medicare and Medicaid,N,COMPLETE CARE AT WHEATON LLC,1967-01-01,COMPLETE CARE,157.0,N,,N,Y,N,Resident,Yes,3.0,,2.0,,5.0,,5.0,,4.0,,2.0,,,,1.84041,0.96826,0.526,1.49425,3.33467,3.01604,0.50908,0.01708,38.6,,52.6,,2.0,,1.4027,1.02977,2.38384,0.89423,0.68489,3.96296,3.48358,1.77719,0.935,0.50793,3.22012,2.91244,2021-03-12,12.0,12.0,0.0,56.0,1.0,0.0,56.0,2019-05-31,12.0,12.0,0.0,177.0,1.0,0.0,177.0,2018-05-25,18.0,18.0,0.0,68.0,1.0,0.0,68.0,98.333,0,0,,0,0.0,0,0,"4011 RANDOLPH ROAD,WHEATON,MD,20902",39.0576,-77.078,,2025-03-01
215026.0,POTOMAC VALLEY REHABILITATION AND HEALTHCARE,1235 POTOMAC VALLEY ROAD,ROCKVILLE,MD,20850,3017620700,150,Montgomery,For profit - Limited Liability company,175,169.8,,Medicare and Medicaid,N,POTOMAC VALLEY OPERATOR LLC,1967-01-01,,,N,,N,Y,N,Both,Yes,5.0,,5.0,,5.0,,5.0,,4.0,,3.0,,,,1.88694,0.80201,0.58338,1.38539,3.27232,2.94974,0.4262,0.09901,33.9,,28.0,,1.0,,1.43636,1.05448,2.44104,0.91568,0.70133,4.05805,3.56717,1.77942,0.75631,0.55014,3.08587,2.78167,2020-01-09,7.0,5.0,2.0,28.0,1.0,0.0,28.0,2018-11-15,3.0,3.0,0.0,12.0,1.0,0.0,12.0,2017-10-26,5.0,4.0,1.0,32.0,1.0,0.0,32.0,23.333,1,0,,2,18535.47,0,2,"1235 POTOMAC VALLEY ROAD,ROCKVILLE,MD,20850",39.0741,-77.161,,2025-03-01
215029.0,AUTUMN LAKE HEALTHCARE AT CHEVY CHASE,8700 JONES MILL ROAD,CHEVY CHASE,MD,20815,3016578686,150,Montgomery,Non profit - Other,172,145.0,,Medicare and Medicaid,N,8700 JONES MILL ROAD OPCO LLC,1967-01-01,AUTUMN LAKE HEALTHCARE,56.0,Y,,N,Y,N,Both,Yes,4.0,,4.0,,2.0,,2.0,,2.0,,3.0,,,,1.76828,0.56478,0.84741,1.41219,3.18048,2.79309,0.63151,0.10625,23.8,,45.5,,0.0,,1.34324,0.98611,2.28278,0.85632,0.65586,3.79496,3.3359,1.78314,0.56952,0.85453,3.20719,2.81655,2021-03-26,8.0,8.0,0.0,28.0,1.0,0.0,28.0,2019-06-21,7.0,7.0,0.0,32.0,1.0,0.0,32.0,2018-06-08,16.0,16.0,0.0,56.0,1.0,0.0,56.0,34.0,0,0,,0,0.0,0,0,"8700 JONES MILL ROAD,CHEVY CHASE,MD,20815",38.9987,-77.066,,2025-03-01
215043.0,KENSINGTON HEALTHCARE  CENTER,3000 MCCOMAS AVENUE,KENSINGTON,MD,20895,3019330060,150,Montgomery,For profit - Corporation,140,132.3,,Medicare and Medicaid,N,"KENSINGTON NURSING, LLC",1971-01-01,COMMUNICARE HEALTH,153.0,N,,Y,Y,N,Both,Yes,3.0,,2.0,,5.0,,5.0,,3.0,,3.0,,,,1.73348,0.81705,0.5016,1.31865,3.05214,2.45929,0.32757,0.0833,25.3,,52.6,,1.0,,1.07392,0.7884,1.82509,0.68463,0.52436,3.03409,2.66706,2.18641,1.03053,0.63266,3.8496,3.10186,2020-11-02,17.0,3.0,14.0,140.0,1.0,0.0,140.0,2019-02-28,5.0,5.0,0.0,28.0,1.0,0.0,28.0,2018-02-16,20.0,20.0,0.0,84.0,1.0,0.0,84.0,93.333,0,3,,0,0.0,0,0,"3000 MCCOMAS AVENUE,KENSINGTON,MD,20895",39.0329,-77.061,,2025-03-01
215048.0,MONTCARE AT WHEATON,11901 GEORGIA AVENUE,WHEATON,MD,20902,3019422500,150,Montgomery,For profit - Limited Liability company,94,89.1,,Medicare and Medicaid,N,WHEATON OPERATOR LLC,1967-06-13,,,N,,N,N,N,Resident,Yes,2.0,,2.0,,4.0,,5.0,,4.0,,3.0,,,,1.74531,0.78514,0.81291,1.59806,3.34337,3.0325,0.5127,0.05841,19.4,,23.5,,0.0,,1.64004,1.20401,2.78719,1.04553,0.80078,4.63351,4.07301,1.44146,0.64845,0.67139,2.76131,2.50456,2024-07-11,35.0,30.0,16.0,188.0,1.0,0.0,188.0,2019-09-27,7.0,7.0,0.0,28.0,1.0,0.0,28.0,2018-08-17,16.0,16.0,0.0,52.0,1.0,0.0,52.0,112.0,0,0,,3,6990.75,0,3,"11901 GEORGIA AVENUE,WHEATON,MD,20902",39.0506,-77.052,,2025-03-01
215052.0,COMPLETE CARE AT SPRINGBROOK,12325 NEW HAMPSHIRE AVENUE,SILVER SPRING,MD,20904,3016224600,150,Montgomery,For profit - Limited Liability company,99,87.0,,Medicare and Medicaid,N,COMPLETE CARE AT SPRINGBROOK LLC,1976-12-01,COMPLETE CARE,157.0,N,,N,Y,N,Resident,Yes,5.0,,4.0,,5.0,,5.0,,4.0,,2.0,,,,1.84801,0.89334,0.68549,1.57884,3.42685,3.01517,0.31864,0.05422,39.5,,42.9,,0.0,,1.55279,1.13995,2.63891,0.98991,0.75818,4.38699,3.85632,1.61204,0.77928,0.59797,2.98928,2.63017,2020-09-16,12.0,7.0,5.0,56.0,1.0,0.0,56.0,2019-09-12,8.0,8.0,0.0,28.0,1.0,0.0,28.0,2019-03-29,10.0,10.0,0.0,60.0,1.0,0.0,60.0,47.333,0,0,,0,0.0,0,0,"12325 NEW HAMPSHIRE AVENUE,SILVER SPRING,MD,20904",39.0586,-76.998,,2025-03-01
215060.0,"REGENCY CARE OF SILVER SPRING, LLC",9101 SECOND AVENUE,SILVER SPRING,MD,20910,3015885544,150,Montgomery,For profit - Partnership,92,71.5,,Medicare and Medicaid,N,REGENCY CARE OF SILVER SPRING LLC,1968-10-01,REGENCY CARE,440.0,N,,N,Y,N,Resident,Yes,3.0,,3.0,,3.0,,4.0,,3.0,,4.0,,,,1.87861,1.2527,0.92518,2.17788,4.05649,3.90663,0.85146,0.07457,37.8,,38.9,,1.0,,1.39099,1.02117,2.36393,0.88676,0.67917,3.92986,3.45448,1.82936,1.21986,0.90092,3.95014,3.8042,2021-02-26,2.0,2.0,0.0,8.0,1.0,0.0,8.0,2019-06-18,15.0,15.0,0.0,64.0,1.0,0.0,64.0,2018-04-16,24.0,24.0,0.0,155.0,2.0,78.0,233.0,64.167,0,0,,0,0.0,0,0,"9101 SECOND AVENUE,SILVER SPRING,MD,20910",39.0048,-77.042,,2025-03-01
215065.0,BEL PRE HEALTHCARE CENTER,2601 BEL PRE ROAD,SILVER SPRING,MD,20906,3015986000,150,Montgomery,For profit - Corporation,100,87.8,,Medicare and Medicaid,N,"BEL PRE LEASING CO., LLC",1969-04-01,COMMUNICARE HEALTH,153.0,N,,N,Y,N,Resident,Yes,4.0,,3.0,,5.0,,5.0,,5.0,,4.0,,,,2.06365,0.80049,0.69635,1.49684,3.56049,3.20245,0.49036,0.06219,41.3,,31.3,,2.0,,1.20195,0.88239,2.04267,0.76624,0.58687,3.39578,2.98501,2.3256,0.9021,0.78475,4.01245,3.60897,2020-02-03,19.0,7.0,12.0,76.0,1.0,0.0,76.0,2019-03-29,10.0,10.0,0.0,36.0,1.0,0.0,36.0,2018-03-16,19.0,19.0,0.0,80.0,1.0,0.0,80.0,63.333,0,0,,0,0.0,0,0,"2601 BEL PRE ROAD,SILVER SPRING,MD,20906",39.0904,-77.054,,2025-03-01
215071.0,HEBREW HOME OF GREATER WASHINGTON,6121 MONTROSE ROAD,ROCKVILLE,MD,20852,3017708310,150,Montgomery,Non profit - Corporation,558,387.6,,Medicare and Medicaid,N,HEBREW HOME OF GREATER WASHINGTON INC,1969-09-29,,,N,,N,Y,N,Resident,Yes,5.0,,5.0,,4.0,,3.0,,5.0,,4.0,,,,2.17168,1.18166,0.6095,1.79116,3.96284,3.57075,0.46522,0.06759,31.8,,38.0,,1.0,,1.32571,0.97324,2.25299,0.84514,0.6473,3.74543,3.29236,2.21888,1.20734,0.62274,4.04897,3.64836,2019-12-20,3.0,3.0,0.0,20.0,1.0,0.0,20.0,2018-12-10,6.0,6.0,0.0,24.0,1.0,0.0,24.0,2017-12-11,8.0,6.0,2.0,48.0,1.0,0.0,48.0,26.0,4,0,,1,13396.5,0,1,"6121 MONTROSE ROAD,ROCKVILLE,MD,20852",39.0527,-77.124,,2025-03-01
215092.0,COLLINGSWOOD REHABILITATION AND HEALTHCARE CENTER,299 HURLEY AVENUE,ROCKVILLE,MD,20850,3017628900,150,Montgomery,For profit - Corporation,160,152.3,,Medicare and Medicaid,N,COLLINGSWOOD OPERATOR LLC,1973-06-12,MARQUIS HEALTH SERVICES,336.0,N,,N,Y,N,Resident,Yes,3.0,,2.0,,5.0,,4.0,,5.0,,2.0,,,,2.30503,0.9441,0.61744,1.56154,3.86658,3.1992,0.45209,0.14913,27.1,,26.9,,2.0,,1.84781,1.35653,3.14028,1.17798,0.90222,5.22049,4.58898,1.68969,0.69206,0.45261,2.83436,2.34515,2022-08-23,30.0,30.0,17.0,164.0,1.0,0.0,164.0,2019-12-09,10.0,10.0,0.0,48.0,1.0,0.0,48.0,2019-01-08,20.0,4.0,16.0,163.0,1.0,0.0,163.0,125.167,0,14,,1,10062.0,0,1,"299 HURLEY AVENUE,ROCKVILLE,MD,20850",39.0879,-77.179,,2025-03-01
215095.0,MONTCARE AT BETHESDA,6530 DEMOCRACY BOULEVARD,BETHESDA,MD,20817,3015309000,150,Montgomery,For profit - Limited Liability company,110,97.5,,Medicare and Medicaid,N,BETHESDA OPERATOR LLC,1975-02-01,,,N,,N,N,N,Resident,Yes,4.0,,4.0,,4.0,,5.0,,2.0,,2.0,,,,1.80234,0.86538,0.7143,1.57968,3.38202,2.93248,0.47461,0.06572,34.2,,45.8,,1.0,,1.46562,1.07596,2.49077,0.93434,0.71562,4.14073,3.63984,1.66571,0.79978,0.66015,3.12564,2.71018,2024-11-06,13.0,13.0,0.0,68.0,1.0,0.0,68.0,2019-11-25,5.0,5.0,0.0,20.0,1.0,0.0,20.0,2018-10-29,12.0,12.0,0.0,44.0,1.0,0.0,44.0,48.0,0,0,,0,0.0,0,0,"6530 DEMOCRACY BOULEVARD,BETHESDA,MD,20817",39.0228,-77.132,,2025-03-01
215099.0,WILSON HEALTH CARE CENTER,301 RUSSELL AVENUE,GAITHERSBURG,MD,20877,3012164004,150,Montgomery,Non profit - Corporation,285,178.4,,Medicare and Medicaid,N,"ASBURY ATLANTIC, INC",1975-04-10,ASBURY COMMUNITIES,47.0,Y,,N,Y,N,Both,Yes,5.0,,4.0,,4.0,,3.0,,5.0,,5.0,,,,2.19981,0.9292,1.04239,1.97159,4.1714,3.64793,0.721,0.10619,14.3,,8.1,,0.0,,1.37639,1.01045,2.33912,0.87745,0.67205,3.88862,3.41823,2.16486,0.91444,1.02582,4.10512,3.58997,2020-03-13,9.0,9.0,0.0,40.0,1.0,0.0,40.0,2019-02-01,7.0,7.0,0.0,32.0,1.0,0.0,32.0,2018-03-30,9.0,9.0,0.0,24.0,1.0,0.0,24.0,34.667,0,0,,0,0.0,0,0,"301 RUSSELL AVENUE,GAITHERSBURG,MD,20877",39.1477,-77.199,,2025-03-01
215107.0,STERLING CARE ROCKVILLE NURSING,303 ADCLARE ROAD,ROCKVILLE,MD,20850,3012799000,150,Montgomery,Non profit - Corporation,100,91.1,,Medicare and Medicaid,N,"ROCKVILLE SNF OPERATOR, LLC",1977-03-01,STERLING CARE,492.0,N,,N,Y,N,Resident,Yes,5.0,,5.0,,5.0,,5.0,,5.0,,2.0,,,,2.13803,0.89394,0.40155,1.29549,3.43352,3.02387,0.25757,0.12606,36.4,,53.3,,0.0,,1.49331,1.09629,2.53783,0.95199,0.72914,4.21896,3.70861,1.93931,0.81085,0.36423,3.11439,2.74282,2019-08-14,0.0,0.0,0.0,0.0,0.0,0.0,0.0,2018-09-13,0.0,0.0,0.0,0.0,0.0,0.0,0.0,2017-10-11,1.0,1.0,0.0,0.0,1.0,0.0,0.0,0.0,0,0,,1,657.8,0,1,"303 ADCLARE ROAD,ROCKVILLE,MD,20850",39.0832,-77.17,,2025-03-01
215125.0,THE VILLAGE AT ROCKVILLE,9701 VEIRS DRIVE,ROCKVILLE,MD,20850,3014249560,150,Montgomery,Non profit - Corporation,160,137.4,,Medicare and Medicaid,N,"THE VILLAGE AT ROCKVILLE, INC.",1980-07-25,NATIONAL LUTHERAN COMMUNITIES & SERVICES,365.0,Y,,N,N,N,Resident,Yes,3.0,,2.0,,5.0,,4.0,,5.0,,4.0,,,,2.28706,1.13342,0.75224,1.88566,4.17273,3.88317,0.5531,0.05811,32.0,,48.0,,0.0,,1.43147,1.05089,2.43273,0.91257,0.69894,4.04424,3.55502,2.16412,1.07249,0.7118,3.94841,3.67442,2024-10-11,22.0,21.0,5.0,128.0,1.0,0.0,128.0,2019-10-24,6.0,6.0,0.0,145.0,1.0,0.0,145.0,2018-07-19,10.0,10.0,0.0,32.0,1.0,0.0,32.0,117.667,0,0,,1,17345.25,0,1,"9701 VEIRS DRIVE,ROCKVILLE,MD,20850",39.0773,-77.196,,2025-03-01
215164.0,SHADY GROVE NURSING AND REHABILITATION CENTER,9701 MEDICAL CENTER DRIVE,ROCKVILLE,MD,20850,3013151900,150,Montgomery,For profit - Limited Liability company,134,133.3,,Medicare and Medicaid,N,SHADY GROVE SNF LLC,1987-06-05,,,N,,N,Y,N,Resident,Yes,3.0,,2.0,,5.0,,5.0,,4.0,,3.0,,,,1.92803,1.00416,0.5758,1.57996,3.50799,3.12839,0.32022,0.18135,41.1,,33.3,,0.0,,1.46734,1.07722,2.49369,0.93543,0.71646,4.14558,3.64411,1.77979,0.92695,0.53153,3.23826,2.88785,2021-01-15,24.0,14.0,10.0,132.0,1.0,0.0,132.0,2019-04-12,17.0,17.0,0.0,72.0,1.0,0.0,72.0,2018-03-19,22.0,20.0,2.0,96.0,2.0,48.0,144.0,114.0,0,9,,0,0.0,0,0,"9701 MEDICAL CENTER DRIVE,ROCKVILLE,MD,20850",39.1016,-77.196,,2025-03-01
215168.0,LAYHILL NURSING AND REHABILITATION CENTER,3227 BEL PRE ROAD,SILVER SPRING,MD,20906,3018712000,150,Montgomery,For profit - Limited Liability company,129,128.9,,Medicare and Medicaid,N,LAYHILL SNF LLC,1987-11-02,,,N,SFF Candidate,Y,N,N,Resident,Yes,1.0,,1.0,,4.0,,5.0,,2.0,,2.0,,,,1.87235,0.84043,0.75388,1.59431,3.46667,2.85512,0.51377,0.18559,47.7,,55.6,,1.0,,1.61264,1.18389,2.74062,1.02806,0.7874,4.55607,4.00494,1.57267,0.70591,0.63321,2.9118,2.39814,2024-09-23,70.0,46.0,32.0,545.0,2.0,273.0,818.0,2019-09-27,7.0,7.0,0.0,48.0,1.0,0.0,48.0,2018-10-16,16.0,16.0,0.0,72.0,1.0,0.0,72.0,437.0,1,0,,2,159362.5,1,3,"3227 BEL PRE ROAD,SILVER SPRING,MD,20906",39.0914,-77.063,,2025-03-01
215171.0,MONTCARE AT POTOMAC,10714 POTOMAC TENNIS LANE,POTOMAC,MD,20854,3012992453,150,Montgomery,For profit - Limited Liability company,158,146.4,,Medicare and Medicaid,N,POTOMAC OPERATOR LLC,1988-06-24,,,N,,N,N,N,Resident,Yes,5.0,,5.0,,5.0,,5.0,,5.0,,3.0,,,,1.72081,0.80421,0.94671,1.75093,3.47173,2.93267,0.6888,0.08192,26.6,,26.9,,0.0,,1.76074,1.29262,2.99232,1.12248,0.85971,4.97451,4.37276,1.3238,0.61867,0.7283,2.67076,2.25607,2024-09-30,11.0,10.0,3.0,44.0,1.0,0.0,44.0,2019-10-10,2.0,2.0,0.0,4.0,1.0,0.0,4.0,2018-08-03,4.0,4.0,0.0,16.0,1.0,0.0,16.0,26.0,0,0,,0,0.0,0,0,"10714 POTOMAC TENNIS LANE,POTOMAC,MD,20854",39.0308,-77.201,,2025-03-01
215187.0,STERLING CARE BETHESDA,5721 GROSVENOR LANE,BETHESDA,MD,20814,3015301600,150,Montgomery,For profit - Corporation,200,171.1,,Medicare and Medicaid,N,BETHESDA SNF OPERATOR LLC,1989-02-10,STERLING CARE,492.0,Y,,N,Y,N,Resident,Yes,3.0,,3.0,,4.0,,5.0,,3.0,,2.0,,,,1.50265,1.02774,0.40454,1.43227,2.93492,2.66991,0.30856,0.03888,47.8,,74.1,,1.0,,1.2292,0.90239,2.08898,0.78362,0.60018,3.47277,3.05268,1.65585,1.13252,0.44578,3.23415,2.94213,2020-01-31,10.0,10.0,0.0,52.0,1.0,0.0,52.0,2019-03-15,15.0,14.0,1.0,64.0,1.0,0.0,64.0,2018-03-02,21.0,21.0,0.0,80.0,1.0,0.0,80.0,60.667,0,0,,0,0.0,0,0,"5721 GROSVENOR LANE,BETHESDA,MD,20814",39.0226,-77.114,,2025-03-01
215197.0,FOX CHASE HEALTHCARE,2015 EAST-WEST HIGHWAY,SILVER SPRING,MD,20910,3015872400,150,Montgomery,For profit - Corporation,87,69.0,,Medicare and Medicaid,N,SUMMIT HILLS MD OPCO,1989-09-01,,,N,,N,Y,N,Resident,Yes,1.0,,1.0,,4.0,,5.0,,3.0,,3.0,,,,1.87736,0.89331,0.52283,1.41614,3.2935,2.9784,0.31884,0.18394,63.9,,60.0,,1.0,,1.17371,0.86165,1.99467,0.74824,0.57308,3.31599,2.91487,2.16658,1.03093,0.60338,3.80088,3.43724,2020-01-17,19.0,19.0,0.0,156.0,1.0,0.0,156.0,2019-01-18,20.0,6.0,14.0,195.0,1.0,0.0,195.0,2018-01-08,14.0,14.0,0.0,56.0,1.0,0.0,56.0,152.333,5,2,,2,75124.77,0,2,"2015 EAST-WEST HIGHWAY,SILVER SPRING,MD,20910",38.9952,-77.043,,2025-03-01
215200.0,BROOKE GROVE REHAB. & NSG CTR,18131 SLADE SCHOOL ROAD,SANDY SPRING,MD,20860,3019245176,150,Montgomery,Non profit - Corporation,190,176.3,,Medicare and Medicaid,N,"BROOKE GROVE FOUNDATION, INC.",1989-06-02,,,Y,,N,Y,N,Both,Yes,4.0,,4.0,,2.0,,2.0,,2.0,,3.0,,,,2.44907,0.81842,0.96502,1.78343,4.23251,3.70049,0.56876,0.14082,,6.0,,6.0,,6.0,1.45977,1.07166,2.48082,0.9306,0.71276,4.12418,3.62529,2.2725,0.75941,0.89544,3.92735,3.43369,2020-02-28,8.0,8.0,0.0,28.0,1.0,0.0,28.0,2019-02-15,15.0,15.0,0.0,52.0,1.0,0.0,52.0,2018-01-10,12.0,12.0,0.0,44.0,1.0,0.0,44.0,38.667,0,0,,0,0.0,0,0,"18131 SLADE SCHOOL ROAD,SANDY SPRING,MD,20860",39.1548,-77.04,,2025-03-01
215211.0,FRIENDS NURSING HOME,17340 QUAKER LANE,SANDY SPRING,MD,20860,3019247531,150,Montgomery,Non profit - Church related,82,65.3,,Medicare and Medicaid,N,FRIENDS HOUSE RETIREMENT COMMUNITY INC,1990-01-01,,,Y,,N,Y,N,Resident,Yes,5.0,,5.0,,4.0,,3.0,,4.0,,3.0,,,,2.29921,1.00694,0.6289,1.63585,3.93506,3.42707,0.60018,0.21621,34.2,,55.6,,2.0,,1.27493,0.93597,2.1667,0.81277,0.62251,3.60198,3.16626,2.44274,1.0698,0.66816,4.18071,3.64101,2021-05-20,3.0,3.0,0.0,8.0,1.0,0.0,8.0,2019-11-21,4.0,4.0,0.0,12.0,1.0,0.0,12.0,2018-10-10,6.0,6.0,0.0,16.0,1.0,0.0,16.0,10.667,0,0,,8,22966.26,0,8,"17340 QUAKER LANE,SANDY SPRING,MD,20860",39.1393,-77.028,,2025-03-01
215224.0,AUTUMN LAKE HEALTHCARE AT SILVER SPRING,2501 MUSGROVE ROAD,SILVER SPRING,MD,20904,3018905552,150,Montgomery,For profit - Corporation,148,133.6,,Medicare and Medicaid,N,2501 MUSGROVE ROAD OPCO LLC,1990-07-01,,,N,,N,N,N,Resident,Yes,3.0,,3.0,,3.0,,4.0,,2.0,,3.0,,,,1.96196,0.99926,0.5862,1.58546,3.54742,3.28105,0.57053,0.0,19.2,,35.0,,1.0,,1.40393,1.03067,2.38592,0.89501,0.68549,3.96642,3.48661,1.89292,0.96409,0.56557,3.42258,3.16559,2024-12-06,8.0,8.0,6.0,84.0,1.0,0.0,84.0,2019-08-02,15.0,9.0,6.0,52.0,1.0,0.0,52.0,2018-09-27,10.0,10.0,0.0,40.0,1.0,0.0,40.0,66.0,0,0,,0,0.0,0,0,"2501 MUSGROVE ROAD,SILVER SPRING,MD,20904",39.0678,-76.959,,2025-03-01
215228.0,ALTHEA WOODLAND NURSING HOME,1000 DALEVIEW DRIVE,SILVER SPRING,MD,20901,3014342646,150,Montgomery,For profit - Individual,50,45.5,,Medicare and Medicaid,N,"SILVER SPRING HEALTH, LLC",1991-06-01,,,N,,N,Y,N,Resident,Yes,4.0,,4.0,,3.0,,3.0,,,2.0,2.0,,,,2.15103,0.90509,0.38393,1.28903,3.44005,2.92146,0.38865,0.0,,6.0,,6.0,,6.0,1.16916,0.85831,1.98694,0.74534,0.57086,3.30314,2.90357,2.49206,1.04859,0.44481,3.98546,3.38465,2021-04-09,6.0,3.0,3.0,24.0,1.0,0.0,24.0,2019-07-11,10.0,10.0,0.0,36.0,1.0,0.0,36.0,2018-06-22,16.0,16.0,0.0,56.0,1.0,0.0,56.0,33.333,0,0,,1,662.73,0,1,"1000 DALEVIEW DRIVE,SILVER SPRING,MD,20901",39.0084,-76.992,,2025-03-01
215234.0,CARRIAGE HILL BETHESDA,5215 CEDAR LANE,BETHESDA,MD,20814,3018975500,150,Montgomery,For profit - Corporation,108,98.4,,Medicare and Medicaid,N,CARRIAGE HILL OPCO LLC,1991-08-08,VIERRA COMMUNITIES,597.0,N,,N,Y,N,Resident,Yes,3.0,,3.0,,4.0,,3.0,,4.0,,4.0,,,,1.95086,1.03107,0.7929,1.82397,3.77483,3.232,0.37285,0.12131,32.1,,28.6,,0.0,,1.37573,1.00996,2.338,0.87703,0.67172,3.88675,3.41658,1.92079,1.01518,0.78067,3.71664,3.18218,2020-02-14,7.0,7.0,0.0,28.0,1.0,0.0,28.0,2019-01-07,7.0,7.0,0.0,16.0,1.0,0.0,16.0,2018-02-01,25.0,7.0,18.0,207.0,1.0,0.0,207.0,53.833,0,4,20.0,2,99001.5,0,2,"5215 CEDAR LANE,BETHESDA,MD,20814",39.0055,-77.103,,2025-03-01
215246.0,BEDFORD COURT HEALTHCARE CENT.,3701 INTERNATIONAL DRIVE,SILVER SPRING,MD,20906,3015982900,150,Montgomery,For profit - Corporation,60,42.5,,Medicare and Medicaid,N,WELLTOWER CCRC OPCO LLC,1993-01-27,SUNRISE SENIOR LIVING,498.0,Y,,N,Y,N,Resident,Yes,5.0,,5.0,,4.0,,3.0,,5.0,,4.0,,,,2.52119,1.15894,0.57466,1.7336,4.2548,3.9279,0.60185,0.17079,28.6,,50.0,,2.0,,1.34564,0.98788,2.28687,0.85785,0.65703,3.80175,3.34187,2.53783,1.16659,0.57845,4.28287,3.95382,2020-02-27,5.0,2.0,3.0,24.0,1.0,0.0,24.0,2019-04-11,6.0,6.0,0.0,28.0,1.0,0.0,28.0,2018-04-12,12.0,12.0,0.0,64.0,1.0,0.0,64.0,32.0,0,0,,0,0.0,0,0,"3701 INTERNATIONAL DRIVE,SILVER SPRING,MD,20906",39.1036,-77.075,,2025-03-01
215272.0,MONTGOMERY VILLAGE  CARE CENTER,19301 WATKINS MILL ROAD,GAITHERSBURG,MD,20879,3015272500,150,Montgomery,For profit - Corporation,147,144.1,,Medicare and Medicaid,N,MONTGOMERY OPERATOR LLC,1995-03-14,,,N,,N,Y,N,Resident,Yes,5.0,,4.0,,5.0,,5.0,,4.0,,3.0,,,,1.99191,0.83713,0.7965,1.63363,3.62554,3.09839,0.50586,0.06136,29.5,,37.9,,0.0,,1.62074,1.18983,2.75438,1.03322,0.79135,4.57896,4.02506,1.66473,0.69963,0.66567,3.03002,2.58946,2021-01-28,2.0,2.0,0.0,8.0,1.0,0.0,8.0,2019-04-29,16.0,16.0,0.0,68.0,1.0,0.0,68.0,2018-04-30,19.0,19.0,0.0,52.0,1.0,0.0,52.0,35.333,0,0,,2,4893.2,0,2,"19301 WATKINS MILL ROAD,GAITHERSBURG,MD,20879",39.1673,-77.213,,2025-03-01
215287.0,MAPLEWOOD PARK PLACE,9707 OLD GEORGETOWN ROAD,BETHESDA,MD,20814,3015300500,150,Montgomery,For profit - Individual,31,16.4,,Medicare and Medicaid,N,MAPLEWOOD PARK RETIREMENT SERVICES INC,1996-05-07,,,N,,N,Y,N,Resident,Yes,5.0,,5.0,,5.0,,5.0,,5.0,,5.0,,,,4.48249,1.007,1.47336,2.48036,6.96285,6.21002,1.08508,0.26592,20.0,,40.0,,0.0,,1.27427,0.93548,2.16558,0.81235,0.62219,3.60012,3.16463,4.76477,1.07041,1.56614,7.40133,6.60109,2021-05-06,0.0,0.0,0.0,0.0,0.0,0.0,0.0,2019-08-02,2.0,2.0,0.0,24.0,1.0,0.0,24.0,2018-07-05,2.0,2.0,0.0,8.0,1.0,0.0,8.0,9.333,0,0,,0,0.0,0,0,"9707 OLD GEORGETOWN ROAD,BETHESDA,MD,20814",39.0137,-77.118,,2025-03-01
215315.0,AUTUMN LAKE HEALTHCARE AT OAK MANOR,3415 GREENCASTLE ROAD,BURTONSVILLE,MD,20866,2409705600,150,Montgomery,For profit - Corporation,145,128.9,,Medicare and Medicaid,N,3415 GREENCASTLE ROAD OPCO LLC,1998-12-24,AUTUMN LAKE HEALTHCARE,56.0,N,,N,Y,N,Resident,Yes,4.0,,4.0,,2.0,,2.0,,2.0,,2.0,,,,2.10442,1.40753,0.37732,1.78485,3.88927,3.55898,0.28508,0.07836,45.3,,53.8,,1.0,,1.54962,1.13762,2.63352,0.98788,0.75663,4.37803,3.84843,1.83947,1.23032,0.32981,3.39961,3.1109,2020-10-20,11.0,10.0,1.0,48.0,1.0,0.0,48.0,2019-01-22,13.0,13.0,0.0,48.0,1.0,0.0,48.0,2018-01-22,11.0,11.0,0.0,24.0,1.0,0.0,24.0,44.0,2,7,,0,0.0,0,0,"3415 GREENCASTLE ROAD,BURTONSVILLE,MD,20866",39.0971,-76.941,,2025-03-01
215320.0,TUCKERMAN REHABILITATION AND HEALTHCARE CENTER,5550 TUCKERMAN LANE,NORTH BETHESDA,MD,20852,3018978566,150,Montgomery,For profit - Corporation,41,33.3,,Medicare and Medicaid,N,TUCKERMAN OPERATOR LLC,1998-04-10,MARQUIS HEALTH SERVICES,336.0,N,,N,Y,N,Resident,Yes,5.0,,5.0,,5.0,,,2.0,5.0,,3.0,,,,1.85485,1.09791,0.92988,2.02779,3.88264,3.45544,0.53183,0.26128,44.4,,27.3,,1.0,,1.8155,1.33281,3.08537,1.15738,0.88645,5.12921,4.50874,1.38388,0.81914,0.69377,2.89679,2.57806,2021-02-25,1.0,1.0,0.0,4.0,1.0,0.0,4.0,2019-07-03,3.0,3.0,0.0,16.0,1.0,0.0,16.0,2018-05-14,13.0,13.0,0.0,48.0,1.0,0.0,48.0,15.333,0,0,,0,0.0,0,0,"5550 TUCKERMAN LANE,NORTH BETHESDA,MD,20852",39.0299,-77.113,,2025-03-01
215327.0,SLIGO CREEK HEALTHCARE,7525 CARROLL AVENUE,TAKOMA PARK,MD,20912,3012704200,150,Montgomery,For profit - Corporation,102,89.2,,Medicare and Medicaid,N,WOODSIDE PARK MD OPCO,1999-12-09,,,N,,N,Y,N,Resident,Yes,4.0,,4.0,,4.0,,5.0,,3.0,,2.0,,,,1.92727,0.89448,0.54818,1.44265,3.36993,3.1402,0.41663,0.25317,42.0,,35.7,,2.0,,1.4566,1.06933,2.47544,0.92858,0.71121,4.11523,3.61743,1.79221,0.83179,0.50976,3.13377,2.92014,2020-11-20,6.0,6.0,0.0,24.0,1.0,0.0,24.0,2019-05-10,10.0,10.0,0.0,24.0,1.0,0.0,24.0,2018-05-15,13.0,13.0,0.0,52.0,1.0,0.0,52.0,28.667,0,0,,0,0.0,0,0,"7525 CARROLL AVENUE,TAKOMA PARK,MD,20912",38.9821,-77.002,,2025-03-01
215338.0,AUTUMN LAKE HEALTHCARE AT OAKVIEW,2700 BARKER STREET,SILVER SPRING,MD,20910,3015650300,150,Montgomery,For profit - Corporation,138,120.7,,Medicare and Medicaid,N,"OAKVIEW OPERATOR, LLC",2002-01-28,AUTUMN LAKE HEALTHCARE,56.0,N,,N,N,N,Both,Yes,2.0,,2.0,,3.0,,3.0,,3.0,,3.0,,,,1.83103,1.04092,0.45852,1.49944,3.33046,3.08568,0.37484,0.04722,26.7,,18.8,,1.0,,1.3577,0.99673,2.30736,0.86554,0.66292,3.83582,3.37181,1.82674,1.03848,0.45745,3.32267,3.07845,2023-11-03,30.0,30.0,11.0,176.0,1.0,0.0,176.0,2019-10-25,17.0,17.0,0.0,84.0,1.0,0.0,84.0,2018-11-13,12.0,12.0,0.0,40.0,1.0,0.0,40.0,122.667,1,5,,1,1315.6,0,1,"2700 BARKER STREET,SILVER SPRING,MD,20910",39.0216,-77.057,,2025-03-01
215353.0,INGLESIDE AT KING FARM,701 KING FARM BOULEVARD,ROCKVILLE,MD,20850,2404999015,150,Montgomery,Non profit - Corporation,45,31.9,,Medicare and Medicaid,N,"KING FARM PRESBYTERIAN RETIREMENT COMMUNITY, INC.",2009-06-30,INGLESIDE ENGAGED LIVING,284.0,Y,,N,Y,N,Resident,Yes,5.0,,5.0,,4.0,,4.0,,5.0,,5.0,,,,3.29333,1.33913,1.32687,2.666,5.95933,5.40463,1.08087,0.16163,26.5,,28.6,,,6.0,1.31686,0.96675,2.23796,0.8395,0.64298,3.72044,3.27039,3.38751,1.37742,1.36482,6.12975,5.55918,2020-12-09,0.0,0.0,0.0,0.0,0.0,0.0,0.0,2019-04-24,1.0,1.0,0.0,8.0,1.0,0.0,8.0,2018-04-26,3.0,3.0,0.0,12.0,1.0,0.0,12.0,4.667,0,0,,1,986.7,0,1,"701 KING FARM BOULEVARD,ROCKVILLE,MD,20850",39.112,-77.177,,2025-03-01
