State,CMS Certification Number (CCN),Provider Name,Address,City/Town,ZIP Code,Telephone Number,Type of Ownership,Offers Nursing Care Services,Offers Physical Therapy Services,Offers Occupational Therapy Services,Offers Speech Pathology Services,Offers Medical Social Services,Offers Home Health Aide Services,Certification Date,Quality of patient care star rating,Footnote for quality of patient care star rating,Numerator for how often the home health team began their patients' care in a timely manner,Denominator for how often the home health team began their patients' care in a timely manner,How often the home health team began their patients' care in a timely manner,Footnote for how often the home health team began their patients' care in a timely manner,Numerator for how often the home health team determined whether patients received a flu shot for the current flu season,Denominator for how often the home health team determined whether patients received a flu shot for the current flu season,How often the home health team determined whether patients received a flu shot for the current flu season,Footnote for how often the home health team determined whether patients received a flu shot for the current flu season,Numerator for how often patients got better at walking or moving around,Denominator for how often patients got better at walking or moving around,How often patients got better at walking or moving around,Footnote for how often patients got better at walking or moving around,Numerator for how often patients got better at getting in and out of bed,Denominator for how often patients got better at getting in and out of bed,How often patients got better at getting in and out of bed,Footnote for how often patients got better at getting in and out of bed,Numerator for how often patients got better at bathing,Denominator for how often patients got better at bathing,How often patients got better at bathing,Footnote for how often patients got better at bathing,Numerator for how often patients' breathing improved,Denominator for how often patients' breathing improved,How often patients' breathing improved,Footnote for how often patients' breathing improved,Numerator for how often patients got better at taking their drugs correctly by mouth,Denominator for how often patients got better at taking their drugs correctly by mouth,How often patients got better at taking their drugs correctly by mouth,Footnote for how often patients got better at taking their drugs correctly by mouth,Numerator for Changes in skin integrity post-acute care: pressure ulcer/injury,Denominator for Changes in skin integrity post-acute care: pressure ulcer/injury,Changes in skin integrity post-acute care: pressure ulcer/injury,Footnote Changes in skin integrity post-acute care: pressure ulcer/injury,Numerator for how often physician-recommended actions to address medication issues were completely timely,Denominator for how often physician-recommended actions to address medication issues were completely timely,How often physician-recommended actions to address medication issues were completely timely,Footnote for how often physician-recommended actions to address medication issues were completely timely,Numerator for Percent of Residents Experiencing One or More Falls with Major Injury,Denominator for Percent of Residents Experiencing One or More Falls with Major Injury,Percent of Residents Experiencing One or More Falls with Major Injury,Footnote for Percent of Residents Experiencing One or More Falls with Major Injury,Numerator for Discharge Function Score,Denominator for Discharge Function Score,Discharge Function Score,Footnote for Discharge Function Score,Numerator for Transfer of Health Information to the Provider,Denominator for Transfer of Health Information to the Provider,Transfer of Health Information to the Provider,Footnote for Transfer of Health Information to the Provider,Numerator for Transfer of Health Information to the Patient,Denominator for Transfer of Health Information to the Patient,Transfer of Health Information to the Patient,Footnote for Transfer of Health Information to the Patient,DTC Numerator,DTC Denominator,DTC Observed Rate,DTC Risk-Standardized Rate,DTC Risk-Standardized Rate (Lower Limit),DTC Risk-Standardized Rate (Upper Limit),DTC Performance Categorization,Footnote for DTC Risk-Standardized Rate,PPR Numerator,PPR Denominator,PPR Observed Rate,PPR Risk-Standardized Rate,PPR Risk-Standardized Rate (Lower Limit),PPR Risk-Standardized Rate (Upper Limit),PPR Performance Categorization,Footnote for PPR Risk-Standardized Rate,PPH Numerator,PPH Denominator,PPH Observed Rate,PPH Risk-Standardized Rate,PPH Risk-Standardized Rate (Lower Limit),PPH Risk-Standardized Rate (Upper Limit),PPH Performance Categorization,Footnote for PPH Risk-Standardized Rate,"How much Medicare spends on an episode of care at this agency, compared to Medicare spending across all agencies nationally","Footnote for how much Medicare spends on an episode of care at this agency, compared to Medicare spending across all agencies nationally","No. of episodes to calc how much Medicare spends per episode of care at agency, compared to spending at all agencies (national)",County
MD,217030,HOLY CROSS HOME CARE AND HOSPICE,10720 COLUMBIA PIKE SECOND FLOOR,SILVER SPRING,20901,3017544663,NON-PROFIT,Yes,Yes,Yes,Yes,Yes,Yes,05/21/1968,4,-,"1,589","1,645",96.6,-,798,993,80.4,-,"1,120","1,213",89.8,-,"1,110","1,213",92.9,-,"1,128","1,213",91.1,-,665,730,94.3,-,"1,140","1,206",92.7,-,3,"1,272",0.2,-,"1,451","1,645",88.2,-,4,"1,504",0.3,-,817,"1,208",67.63,-,35,44,79.55,-,"1,216","1,228",99.02,-,"1,186","1,528",77.62,82.36,80.07,84.17,Better Than National Rate,-,32,"1,011",3.17,3.67,2.83,4.79,Same As National Rate,-,73,750,9.73,10.43,8.57,12.98,Same As National Rate,-,1.01,-,"1,858","Montgomery County, MD"
MD,217032,"ADVENTIST HOME HEALTH SERVICES, INC.",12041 BOURNEFIELD WAYSUITE B,SILVER SPRING,20904,3015924400,NON-PROFIT,Yes,Yes,Yes,Yes,Yes,Yes,01/03/1974,4.5,-,"5,172","5,174",100,-,"2,512","3,135",80.1,-,"3,680","3,999",90.2,-,"3,735","3,980",91.6,-,"3,711","4,011",90.9,-,"2,402","2,544",96.7,-,"3,586","3,941",87.8,-,2,"4,097",0.1,-,"5,144","5,174",99.4,-,18,"5,150",0.3,-,"2,803","4,010",69.9,-,663,677,97.93,-,"3,370","3,420",98.54,-,"4,650","5,838",79.65,84.28,83.25,85.7,Better Than National Rate,-,111,"4,270",2.6,3.21,2.69,3.7,Better Than National Rate,-,231,"3,109",7.43,7.59,6.74,8.51,Better Than National Rate,-,0.99,-,"7,614","Montgomery County, MD"
MD,217084,POTOMAC HOME HEALTH CARE,6001 MONTROSE ROAD  301,ROCKVILLE,20852,3018966999,NON-PROFIT,Yes,Yes,Yes,Yes,Yes,Yes,04/05/1984,4,-,"1,534","1,545",99.3,-,776,874,88.8,-,"1,248","1,323",88,-,"1,270","1,324",90.3,-,"1,264","1,329",90.4,-,490,540,90.9,-,"1,193","1,311",84.2,-,1,"1,349",0.2,-,"1,523","1,545",98.6,-,13,"1,544",0.8,-,"1,143","1,329",86,-,22,22,100,-,"1,326","1,327",99.92,-,"2,446","2,769",88.34,89.39,88.48,90.49,Better Than National Rate,-,98,"2,110",4.64,5.1,4.38,6.17,Worse Than National Rate,-,57,"1,223",4.66,5.87,4.6,7.58,Better Than National Rate,-,0.92,-,"2,978","Montgomery County, MD"
MD,217156,"RIDERWOOD VILLAGE, INC.",3120 GRACEFIELD ROAD,SILVER SPRING,20904,3015728375,NON-PROFIT,Yes,Yes,Yes,Yes,No,Yes,02/21/2006,3.5,-,445,451,98.7,-,260,270,96.3,-,366,394,90,-,367,392,90.4,-,363,395,89.3,-,364,391,88.9,-,338,394,81.4,-,1,400,0.4,-,436,451,96.7,-,1,449,0.2,-,307,394,77.92,-,72,81,88.89,-,314,319,98.43,-,466,548,85.04,92.12,89.21,94.84,Better Than National Rate,-,14,284,4.93,4.33,3.28,5.75,Same As National Rate,-,12,288,4.17,5.81,4.22,8.92,Better Than National Rate,-,0.94,-,625,"Montgomery County, MD"
MD,217158,"BAYADA HOME HEALTH CARE, INC",352A CHRISTOPHER AVENUE,GAITHERSBURG,20879,3019776400,PROPRIETARY,Yes,Yes,Yes,Yes,Yes,Yes,10/27/2009,4.5,-,"3,070","3,088",99.4,-,"1,728","2,030",85.1,-,"1,666","1,956",91.3,-,"1,749","1,956",92.6,-,"1,743","1,956",94.2,-,"2,063","2,185",93.2,-,"1,472","1,954",94.3,-,13,"2,505",0.2,-,"3,046","3,088",98.6,-,59,"3,087",1.9,-,918,"1,951",47.05,-,137,143,95.8,-,"2,343","2,362",99.2,-,"2,563","3,296",77.76,83.97,82.59,85.53,Better Than National Rate,-,29,765,3.79,3.96,2.93,5.05,Same As National Rate,-,160,"1,951",8.2,8.6,7.46,9.82,Better Than National Rate,-,1,-,"4,952","Montgomery County, MD"
MD,217159,INTERIM HOME HEALTH,201 RUSSELL AVENUE,GAITHERSBURG,20877,3012165697,PROPRIETARY,Yes,Yes,Yes,Yes,No,Yes,10/27/2009,3,-,185,185,100,-,131,135,97,-,95,137,75,-,96,136,76.9,-,101,138,81.1,-,73,98,85.2,-,79,131,69.2,-,0,149,0,-,175,185,94.6,-,3,184,1.6,-,65,136,47.79,-,56,69,81.16,-,69,80,86.25,-,263,355,74.08,78.89,74.41,81.92,Same As National Rate,-,7,144,4.86,4.11,2.96,6.03,Same As National Rate,-,6,136,4.41,6.83,4.46,10.48,Same As National Rate,-,1.04,-,610,"Montgomery County, MD"
MD,217160,ENHABIT HOME HEALTH,1395 PICCARD DRIVE SUITE 310,ROCKVILLE,20850,8889235842,PROPRIETARY,Yes,Yes,Yes,Yes,No,Yes,02/24/2010,2.5,-,187,229,81.7,-,89,122,73,-,161,189,84.7,-,163,188,84.3,-,163,189,85.7,-,87,123,74.3,-,151,183,82.8,-,0,198,0,-,217,230,94.3,-,0,225,0,-,128,190,67.37,-,21,24,87.5,-,165,174,94.83,-,302,395,76.46,80.83,76.67,84.61,Better Than National Rate,-,2,99,2.02,3.7,2.74,5.36,Same As National Rate,-,9,153,5.88,7.75,4.95,12.14,Same As National Rate,-,1.08,-,532,"Montgomery County, MD"
MD,217163,COMPREHENSIVE HOME HEALTH CARE AGENCY,"12510 PROSPERITY DRIVE, SUITE 140",SILVER SPRING,20904,3016221260,GOVERNMENT OPERATED,Yes,Yes,No,Yes,No,Yes,11/23/2010,-,The number of patient episodes for this measure is too small to report.,40,41,97.6,-,28,33,84.8,-,-,-,-,The number of patient episodes for this measure is too small to report.,-,-,-,The number of patient episodes for this measure is too small to report.,-,-,-,The number of patient episodes for this measure is too small to report.,-,-,-,The number of patient episodes for this measure is too small to report.,-,-,-,The number of patient episodes for this measure is too small to report.,0,20,0,-,37,41,90.2,-,2,41,4.9,-,9,20,45,-,-,-,-,The number of patient episodes for this measure is too small to report.,-,-,-,The number of patient episodes for this measure is too small to report.,67,150,44.67,46.35,39.4,52.53,Worse Than National Rate,-,6,93,6.45,4.33,3.09,6.23,Same As National Rate,-,4,51,7.84,10.12,5.97,17.3,Same As National Rate,-,1.06,-,178,"Montgomery County, MD"
MD,217165,"HUMAN TOUCH HOME HEALTH OF MARYLAND, INC","2141 INDUSTRIAL PARKWAY, SUITE 207",SILVER SPRING,20904,2405827563,PROPRIETARY,Yes,Yes,Yes,Yes,Yes,Yes,02/10/2017,3.5,-,"1,208","1,226",98.5,-,569,713,79.8,-,811,954,85.7,-,822,944,86.8,-,824,956,86.2,-,509,602,89,-,795,899,87.8,-,1,978,0.1,-,"1,096","1,233",88.9,-,2,"1,223",0.2,-,671,966,69.46,-,28,51,54.9,-,766,926,82.72,-,137,203,67.49,68.9,62.68,75.22,Worse Than National Rate,-,3,90,3.33,3.92,2.68,6.16,Same As National Rate,-,7,132,5.3,7.41,4.59,12.08,Same As National Rate,-,0.85,-,271,"Montgomery County, MD"
